pio,port,pin,bga_coord,flexio_data,mux_alt,route_signals,pin_name,board_primary_assignment,board_on_board_pin,board_description,board_summary_1,board_summary_2,board_summary_3,board_summary_4,board_flexio_lcd,board_ezh_camera,board_arduino,board_mikroe,board_pmod
P0_8,0,8,C12,0,ALT0,"D0, TRG_CH0, TRG_CH1, TRG_CH2, TRG_CH3, TRG_CH4, TRG_CH5, TRG_CH6, TRG_CH7",PIO0_8/FC0_P4/CT_INP0/FLEXIO0_D0/ADC0_B8,FLEXIO,,FXIO_LCD_RD,FLXIO/LCD,,,,LCD_RD,,,,
P0_9,0,9,A12,1,ALT0,"D1, TRG_CH0, TRG_CH1, TRG_CH2, TRG_CH3, TRG_CH4, TRG_CH5, TRG_CH6, TRG_CH7",PIO0_9/FC0_P5/CT_INP1/FLEXIO0_D1/ADC0_B9,FLEXIO,,FXIO_LCD_WR,FLXIO/LCD,,,,LCD_WR,,,,
P0_10,0,10,B12,2,ALT0,"D2, TRG_CH0, TRG_CH1, TRG_CH2, TRG_CH3, TRG_CH4, TRG_CH5, TRG_CH6, TRG_CH7",PIO0_10/FC0_P6/CT0_MAT0/FLEXIO0_D2/ADC0_B10,EZH,,EZH_CAMERA_VSYNC,,Arduino,,,,,CT0_MAT0-ARD_D9,,
P0_11,0,11,B11,3,ALT0,"D3, TRG_CH0, TRG_CH1, TRG_CH2, TRG_CH3, TRG_CH4, TRG_CH5, TRG_CH6, TRG_CH7",PIO0_11/CT0_MAT1/FLEXIO0_D3/HSCMP2_OUT/ADC0_B11,EZH,,EZH_CAMERA_HSYNC,EZH/CAMERA,,,,,EZH_CAMERA_HSYNC,,,
P0_12,0,12,D11,4,ALT0,"D4, TRG_CH0, TRG_CH1, TRG_CH2, TRG_CH3, TRG_CH4, TRG_CH5, TRG_CH6, TRG_CH7",PIO0_12/FC1_P4/FC0_P0/CT0_MAT2/FLEXIO0_D4/ADC0_B12,FLEXIO,,FXIO_LCD_CS,FLXIO/LCD,,,,LCD_CS,,,,
P0_13,0,13,F12,5,ALT0,"D5, TRG_CH0, TRG_CH1, TRG_CH2, TRG_CH3, TRG_CH4, TRG_CH5, TRG_CH6, TRG_CH7",PIO0_13/FC1_P5/FC0_P1/CT0_MAT3/FLEXIO0_D5/ADC0_B13,FLEXIO,,FXIO_LCD_TE,FLXIO/LCD,,,,LCD_TE,,,,
P0_14,0,14,E11,6,ALT0,"D6, TRG_CH0, TRG_CH1, TRG_CH2, TRG_CH3, TRG_CH4, TRG_CH5, TRG_CH6, TRG_CH7",PIO0_14/FC1_P6/FC0_P2/CT_INP2/UTICK_CAP0/FLEXIO0_D6/ADC0_B14,EZH,,EZH_CAMERA_PCLK,,Arduino,,,,,ARD_A2,,
P0_15,0,15,G13,7,ALT0,"D7, TRG_CH0, TRG_CH1, TRG_CH2, TRG_CH3, TRG_CH4, TRG_CH5, TRG_CH6, TRG_CH7",PIO0_15/FC0_P3/CT_INP3/UTICK_CAP1/FLEXIO0_D7/ADC0_B15,Micro E,,MicroE_ADC,,Arduino,,,,,ARD_A4,,
P0_16,0,16,B10,0,ALT0,"D0, TRG_CH0, TRG_CH1, TRG_CH2, TRG_CH3, TRG_CH4, TRG_CH5, TRG_CH6, TRG_CH7",PIO0_16/WUU0_IN2/FC0_P0/CT0_MAT0/UTICK_CAP2/FLEXIO0_D0/PDM0_CLK/I3C0_SDA/TSI0_CH11/ADC0_A8,Micro E,,I2C_SDA,,PMOD,,,,,,,PMOD_FC0_SPI_MOSI
P0_17,0,17,A10,1,ALT0,"D1, TRG_CH0, TRG_CH1, TRG_CH2, TRG_CH3, TRG_CH4, TRG_CH5, TRG_CH6, TRG_CH7",PIO0_17/FC0_P1/CT0_MAT1/UTICK_CAP3/FLEXIO0_D1/PDM0_DATA0/I3C0_SCL/TSI0_CH12/ADC0_A9,Micro E,,I2C_SCL,,PMOD,,,,,,,PMOD_FC0_SPI_CLK
P0_18,0,18,C10,2,ALT0,"D2, TRG_CH0, TRG_CH1, TRG_CH2, TRG_CH3, TRG_CH4, TRG_CH5, TRG_CH6, TRG_CH7",PIO0_18/EWM0_IN/FC0_P2/CT0_MAT2/FLEXIO0_D2/HSCMP0_OUT/PDM0_DATA1/TSI0_CH13/ADC0_A10,Micro E,,MicroE_FC0_TXD,,PMOD,PDM,TOUCH,,,,,PMOD_FC0_SPI_MISO
P0_19,0,19,C9,3,ALT0,"D3, TRG_CH0, TRG_CH1, TRG_CH2, TRG_CH3, TRG_CH4, TRG_CH5, TRG_CH6, TRG_CH7",PIO0_19/WUU0_IN3/EWM0_OUT_b/FC0_P3/CT0_MAT3/FLEXIO0_D3/HSCMP1_OUT/TSI0_CH14/ADC0_A11,Micro E,,MicroE_FC0_RXD,,PMOD,,TOUCH,,,,,PMOD_FC0_SPI_CS
P0_20,0,20,C8,4,ALT0,"D4, TRG_CH0, TRG_CH1, TRG_CH2, TRG_CH3, TRG_CH4, TRG_CH5, TRG_CH6, TRG_CH7",PIO0_20/WUU0_IN4/FC0_P4/FC1_P0/CT_INP0/FLEXIO0_D4/I3C0_SDA/TSI0_CH15/ADC0_A12,PMOD,,PMOD_INT,,PMOD,,TOUCH,,,,,PMOD_INT
P0_21,0,21,A8,5,ALT0,"D5, TRG_CH0, TRG_CH1, TRG_CH2, TRG_CH3, TRG_CH4, TRG_CH5, TRG_CH6, TRG_CH7",PIO0_21/FC0_P5/FC1_P1/CT_INP1/FLEXIO0_D5/I3C0_SCL/TSI0_CH16/ADC0_A13,TSI,TSI,,,,,TOUCH,,,,,
P0_22,0,22,B8,6,ALT0,"D6, TRG_CH0, TRG_CH1, TRG_CH2, TRG_CH3, TRG_CH4, TRG_CH5, TRG_CH6, TRG_CH7",PIO0_22/EWM0_IN/FC0_P6/FC1_P2/CT_INP2/FLEXIO0_D6/I3C0_PUR/ADC0_A14/CMP1_IN2,P0_22,,P0_22,,Arduino,,,,,ARD_A3,,
P0_23,0,23,B7,7,ALT0,"D7, TRG_CH0, TRG_CH1, TRG_CH2, TRG_CH3, TRG_CH4, TRG_CH5, TRG_CH6, TRG_CH7",PIO0_23/WUU0_IN5/EWM0_OUT_b/FC1_P3/CT_INP3/FLEXIO0_D7/ADC0_A15/CMP2_IN2,P0_23,,P0_23,,Arduino,,SW_wakeup,,,ARD_A5,,
P1_0,1,0,C6,8,ALT0,"D8, TRG_CH0, TRG_CH1, TRG_CH2, TRG_CH3, TRG_CH4, TRG_CH5, TRG_CH6, TRG_CH7",PIO1_0/WUU0_IN6/LPTMR0_ALT3/TRIG_IN0/FC3_P0/FC4_P4/CT_INP4/SCT0_OUT6/FLEXIO0_D8/SAI1_TX_BCLK/TSI0_CH0/ADC0_A16/CMP0_IN0,PMOD,,SPI_SDO,,Micro E,,TOUCH,,,,FC3_I2C_SDA,
P1_1,1,1,C5,9,ALT0,"D9, TRG_CH0, TRG_CH1, TRG_CH2, TRG_CH3, TRG_CH4, TRG_CH5, TRG_CH6, TRG_CH7",PIO1_1/TRIG_IN1/FC3_P1/FC4_P5/CT_INP5/SCT0_OUT7/FLEXIO0_D9/SAI1_TX_FS/TSI0_CH1/ADC0_A17/CMP1_IN0,PMOD,,SPI_SCK,,Micro E,,TOUCH,,,,FC3_I2C_SCL,
P1_2,1,2,C4,10,ALT0,"D10, TRG_CH0, TRG_CH1, TRG_CH2, TRG_CH3, TRG_CH4, TRG_CH5, TRG_CH6, TRG_CH7",PIO1_2/TRIG_OUT0/FC3_P2/FC4_P6/CT1_MAT0/SCT0_IN6/FLEXIO0_D10/ENET0_MDC/SAI1_TXD0/CAN0_TXD/TSI0_CH2/ADC0_A18/CMP2_IN0,PMOD,,SPI_SDI,,Arduino,,,,,CT1_MAT0-ARD_D6,,
P1_3,1,3,B4,11,ALT0,"D11, TRG_CH0, TRG_CH1, TRG_CH2, TRG_CH3, TRG_CH4, TRG_CH5, TRG_CH6, TRG_CH7",PIO1_3/WUU0_IN7/TRIG_OUT1/FC3_P3/CT1_MAT1/SCT0_IN7/FLEXIO0_D11/ENET0_MDIO/SAI1_RXD0/CAN0_RXD/TSI0_CH3/ADC0_A19/CMP0_IN1,PMOD,,SPI_PCS0,,Micro E,,,,,,ME_RESET,
P1_4,1,4,A4,12,ALT0,"D12, TRG_CH0, TRG_CH1, TRG_CH2, TRG_CH3, TRG_CH4, TRG_CH5, TRG_CH6, TRG_CH7",PIO1_4/WUU0_IN8/FREQME_CLK_IN0/FC3_P4/FC5_P0/CT1_MAT2/SCT0_OUT0/FLEXIO0_D12/SMARTDMA_PIO0/ENET0_TX_CLK/SAI0_TXD1/TSI0_CH4/ADC0_A20/CMP0_IN2,EZH,,EZH_PIO0/SAI0_TXD1,EZH/CAMERA,,Ethernet,,,EZH_LCD_D0_CAMERA_D0,,,
P1_5,1,5,B3,13,ALT0,"D13, TRG_CH0, TRG_CH1, TRG_CH2, TRG_CH3, TRG_CH4, TRG_CH5, TRG_CH6, TRG_CH7",PIO1_5/FREQME_CLK_IN1/FC3_P5/FC5_P1/CT1_MAT3/SCT0_OUT1/FLEXIO0_D13/SMARTDMA_PIO1/ENET0_TXEN/SAI0_RXD1/TSI0_CH5/ADC0_A21/CMP0_IN3,EZH,,EZH_PIO1,EZH/CAMERA,,Ethernet,,,EZH_LCD_D1_CAMERA_D1,,,
P1_6,1,6,B2,14,ALT0,"D14, TRG_CH0, TRG_CH1, TRG_CH2, TRG_CH3, TRG_CH4, TRG_CH5, TRG_CH6, TRG_CH7",PIO1_6/TRIG_IN2/FC3_P6/FC5_P2/CT_INP6/SCT0_IN0/FLEXIO0_D14/SMARTDMA_PIO2/ENET0_TXD0/SAI1_RX_BCLK/CAN1_TXD/TSI0_CH6/ADC0_A22,EZH,,EZH_PIO2,EZH/CAMERA,,Ethernet,,,EZH_LCD_D2_CAMERA_D2,,,
P1_7,1,7,A2,15,ALT0,"D15, TRG_CH0, TRG_CH1, TRG_CH2, TRG_CH3, TRG_CH4, TRG_CH5, TRG_CH6, TRG_CH7",PIO1_7/WUU0_IN9/TRIG_OUT2/FC5_P3/CT_INP7/SCT0_IN1/FLEXIO0_D15/SMARTDMA_PIO3/PLU_CLK/ENET0_TXD1/SAI1_RX_FS/CAN1_RXD/TSI0_CH7/ADC0_A23,EZH,,EZH_PIO3,EZH/CAMERA,,Ethernet,,,EZH_LCD_D3_CAMERA_D3,,,
P1_8,1,8,A1,16,ALT0,"D16, TRG_CH0, TRG_CH1, TRG_CH2, TRG_CH3, TRG_CH4, TRG_CH5, TRG_CH6, TRG_CH7",PIO1_8/WUU0_IN10/LPTMR1_ALT3/TRACE_DATA0/FC4_P0/FC5_P4/CT_INP8/SCT0_OUT2/FLEXIO0_D16/SMARTDMA_PIO4/PLU_OUT0/ENET0_TXD2/I3C1_SDA/TSI0_CH17/ADC1_A8,EZH,,EZH_PIO4,,,VCOM_UART,,,,,,
P1_9,1,9,B1,17,ALT0,"D17, TRG_CH0, TRG_CH1, TRG_CH2, TRG_CH3, TRG_CH4, TRG_CH5, TRG_CH6, TRG_CH7",PIO1_9/TRACE_DATA1/FC4_P1/FC5_P5/CT_INP9/SCT0_OUT3/FLEXIO0_D17/SMARTDMA_PIO5/PLU_OUT1/ENET0_TXD3/I3C1_SCL/TSI0_CH18/ADC1_A9,EZH,,EZH_PIO5,,,VCOM_UART,,,,,,
P1_10,1,10,C3,18,ALT0,"D18, TRG_CH0, TRG_CH1, TRG_CH2, TRG_CH3, TRG_CH4, TRG_CH5, TRG_CH6, TRG_CH7",PIO1_10/TRACE_DATA2/FC4_P2/FC5_P6/CT2_MAT0/SCT0_IN2/FLEXIO0_D18/SMARTDMA_PIO6/PLU_IN0/ENET0_TXER/CAN0_TXD/TSI0_CH19/ADC1_A10,EZH,,EZH_PIO6,EZH/CAMERA,,CAN_TXD,TOUCH,,EZH_LCD_D6_CAMERA_D6,,,
P1_11,1,11,D3,19,ALT0,"D19, TRG_CH0, TRG_CH1, TRG_CH2, TRG_CH3, TRG_CH4, TRG_CH5, TRG_CH6, TRG_CH7",PIO1_11/WUU0_IN11/TRACE_DATA3/FC4_P3/CT2_MAT1/SCT0_IN3/FLEXIO0_D19/SMARTDMA_PIO7/PLU_IN1/ENET0_RX_CLK/I3C1_PUR/CAN0_RXD/TSI0_CH20/ADC1_A11,EZH,I3C1_PUR,FXIO LCD GPIO/EZH_PIO7/I3C1_PUR,EZH/CAMERA,,CAN_RXD,,,EZH_LCD_D7_CAMERA_D7,,,
P1_12,1,12,D2,20,ALT0,"D20, TRG_CH0, TRG_CH1, TRG_CH2, TRG_CH3, TRG_CH4, TRG_CH5, TRG_CH6, TRG_CH7",PIO1_12/WUU0_IN12/TRACE_CLK/FC4_P4/FC3_P0/CT2_MAT2/SCT0_OUT4/FLEXIO0_D20/SMARTDMA_PIO8/PLU_OUT2/ENET0_RXER/CAN1_RXD/TSI0_CH21/ADC1_A12,EZH,,EZH_PIO8,EZH/LCD,,,TOUCH,,EZH_LCD_D8,,,
P1_13,1,13,D1,21,ALT0,"D21, TRG_CH0, TRG_CH1, TRG_CH2, TRG_CH3, TRG_CH4, TRG_CH5, TRG_CH6, TRG_CH7",PIO1_13/TRIG_IN3/FC4_P5/FC3_P1/CT2_MAT3/SCT0_OUT5/FLEXIO0_D21/SMARTDMA_PIO9/PLU_OUT3/ENET0_RXDV/CAN1_TXD/TSI0_CH22/ADC1_A13,EZH,,EZH_PIO9,EZH/LCD,,Ethernet,,,EZH_LCD_D9,,,
P1_14,1,14,D4,22,ALT0,"D22, TRG_CH0, TRG_CH1, TRG_CH2, TRG_CH3, TRG_CH4, TRG_CH5, TRG_CH6, TRG_CH7",PIO1_14/FC4_P6/FC3_P2/CT_INP10/SCT0_IN4/FLEXIO0_D22/SMARTDMA_PIO10/PLU_IN2/ENET0_RXD0/TSI0_CH23/ADC1_A14,EZH,,EZH_PIO10,EZH/LCD,,Ethernet,,,EZH_LCD_D10,,,
P1_15,1,15,E4,23,ALT0,"D23, TRG_CH0, TRG_CH1, TRG_CH2, TRG_CH3, TRG_CH4, TRG_CH5, TRG_CH6, TRG_CH7",PIO1_15/WUU0_IN13/FC3_P3/CT_INP11/SCT0_IN5/FLEXIO0_D23/SMARTDMA_PIO11/PLU_IN3/ENET0_RXD1/I3C1_PUR/TSI0_CH24/ADC1_A15,EZH,,EZH_PIO11,EZH/LCD,,Ethernet,,,EZH_LCD_D11,,,
P1_16,1,16,F6,24,ALT0,"D24, TRG_CH0, TRG_CH1, TRG_CH2, TRG_CH3, TRG_CH4, TRG_CH5, TRG_CH6, TRG_CH7",PIO1_16/WUU0_IN14/FC5_P0/FC3_P4/CT_INP12/SCT0_OUT6/FLEXIO0_D24/SMARTDMA_PIO12/PLU_OUT4/ENET0_RXD2/I3C1_SDA/ADC1_A16,EZH,I3C1_SDA,I3C_SDA/EZH_PIO12,EZH/LCD,Micro E,,,,EZH_LCD_D12,,ME_FC5_RXD,
P1_17,1,17,F4,25,ALT0,"D25, TRG_CH0, TRG_CH1, TRG_CH2, TRG_CH3, TRG_CH4, TRG_CH5, TRG_CH6, TRG_CH7",PIO1_17/FC5_P1/FC3_P5/CT_INP13/SCT0_OUT7/FLEXIO0_D25/SMARTDMA_PIO13/PLU_OUT5/ENET0_RXD3/I3C1_SCL/ADC1_A17,EZH,I3C1_SCL,I3C_SCL/EZH_PIO13,EZH/LCD,Micro E,,,,EZH_LCD_D13,,ME_FC5_TXD,
P1_18,1,18,G4,26,ALT0,"D26, TRG_CH0, TRG_CH1, TRG_CH2, TRG_CH3, TRG_CH4, TRG_CH5, TRG_CH6, TRG_CH7",PIO1_18/FREQME_CLK_IN0/FC5_P2/FC3_P6/CT3_MAT0/SCT0_IN6/FLEXIO0_D26/SMARTDMA_PIO14/PLU_IN4/ENET0_COL/CAN0_TXD/ADC1_A18,EZH,,EZH_LCD_D14_CAMERA_PDOWN,EZH/CAMERA,,,,,EZH_LCD_D14_CAMERA_PDOWN,,,
P1_19,1,19,G5,27,ALT0,"D27, TRG_CH0, TRG_CH1, TRG_CH2, TRG_CH3, TRG_CH4, TRG_CH5, TRG_CH6, TRG_CH7",PIO1_19/WUU0_IN15/FREQME_CLK_IN1/FC5_P3/CT3_MAT1/SCT0_IN7/FLEXIO0_D27/SMARTDMA_PIO15/PLU_IN5/ENET0_CRS/CAN0_RXD/ADC1_A19,EZH,,EZH_LCD_D15_CAMERA_RST,EZH/CAMERA,,,,,EZH_LCD_D15_CAMERA_RST,,,
P1_20,1,20,K5,28,ALT0,"D28, TRG_CH0, TRG_CH1, TRG_CH2, TRG_CH3, TRG_CH4, TRG_CH5, TRG_CH6, TRG_CH7",PIO1_20/TRIG_IN2/FC5_P4/FC4_P0/CT3_MAT2/SCT0_OUT8/FLEXIO0_D28/SMARTDMA_PIO16/PLU_OUT6/ENET0_MDC/CAN1_TXD/ADC1_A20/CMP1_IN3,EZH,,EZH_PIO16,,,Ethernet,,,,,,
P1_21,1,21,L5,29,ALT0,"D29, TRG_CH0, TRG_CH1, TRG_CH2, TRG_CH3, TRG_CH4, TRG_CH5, TRG_CH6, TRG_CH7",PIO1_21/TRIG_OUT2/FC5_P5/FC4_P1/CT3_MAT3/SCT0_OUT9/FLEXIO0_D29/SMARTDMA_PIO17/PLU_OUT7/ENET0_MDIO/SAI1_MCLK/CAN1_RXD/ADC1_A21/CMP2_IN3,SAI,,SAI1_MCLK,,Arduino,Ethernet,SAI,,,ARD_D5,,
P1_22,1,22,L4,30,ALT0,"D30, TRG_CH0, TRG_CH1, TRG_CH2, TRG_CH3, TRG_CH4, TRG_CH5, TRG_CH6, TRG_CH7",PIO1_22/TRIG_IN3/FC5_P6/FC4_P2/CT_INP14/SCT0_OUT4/FLEXIO0_D30/SMARTDMA_PIO18/ADC1_A22,EZH,,EZH_PIO18,EZH/LCD,Motor Control,,,,EZH_LCD_DC,,,
P1_23,1,23,M4,31,ALT0,"D31, TRG_CH0, TRG_CH1, TRG_CH2, TRG_CH3, TRG_CH4, TRG_CH5, TRG_CH6, TRG_CH7",PIO1_23/FC4_P3/CT_INP15/SCT0_OUT5/FLEXIO0_D31/SMARTDMA_PIO19/ADC1_A23,EZH,,EZH_PIO19,EZH/LCD,Arduino,,,,EZH_LCD_RD,ARD_D3,,
P2_0,2,0,H2,8,ALT6,D8,PIO2_0/TRIG_IN5/FC9_P6/SDHC0_D5/SCT0_IN0/PWM1_A3/FLEXIO0_D8/SMARTDMA_PIO20/FLEXSPI0_B_SS1_b/SAI0_RX_BCLK,EZH,,EZH_PIO20,EZH/LCD,Motor Control,,,,EZH_LCD_WR,,,
P2_1,2,1,H1,9,ALT6,D9,PIO2_1/TRACE_CLK/SDHC0_D4/SCT0_IN1/PWM1_B3/FLEXIO0_D9/SMARTDMA_PIO21/FLEXSPI0_B_DQS/SINC0_MCLK_OUT0/SAI0_RX_FS,SDHC,SDHC0_CDB,,,,,uSDHC,,,,,
P2_2,2,2,H3,10,ALT6,D10,PIO2_2/WUU0_IN16/CLKOUT/FC9_P3/SDHC0_D1/SCT0_OUT0/PWM1_A2/FLEXIO0_D10/SMARTDMA_PIO22/FLEXSPI0_B_SS0_b/SINC0_MCLK0/SAI0_TXD0,SDHC,SDHC0_D1,SDHC0_D1/EZH_CAMERA_CLKIN,EZH/CAMERA,Motor Control,QSPI,uSDHC,,CAMERA_CLKIN,,,
P2_3,2,3,J3,11,ALT6,D11,PIO2_3/FC9_P1/SDHC0_D0/SCT0_OUT1/PWM1_B2/FLEXIO0_D11/SMARTDMA_PIO23/FLEXSPI0_B_SCLK/SINC0_MBIT0/SAI0_RXD0,SDHC,SDHC0_D0,,,Motor Control,QSPI,uSDHC,,,,,
P2_4,2,4,K3,12,ALT6,D12,PIO2_4/WUU0_IN17/FC9_P0/SDHC0_CLK/SCT0_OUT2/PWM1_A1/FLEXIO0_D12/SMARTDMA_PIO24/FLEXSPI0_B_DATA0/SINC0_MCLK1/SAI0_RXD1,SDHC,SDHC0_CLK,,,Motor Control,QSPI,uSDHC,,,,,
P2_5,2,5,K1,13,ALT6,D13,PIO2_5/TRIG_OUT3/FC9_P2/SDHC0_CMD/SCT0_OUT3/PWM1_B1/FLEXIO0_D13/SMARTDMA_PIO25/FLEXSPI0_B_DATA1/SINC0_MBIT1/SAI0_TXD1,SDHC,SDHC0_CMD,,,Motor Control,QSPI,uSDHC,,,,,
P2_6,2,6,K2,14,ALT6,D14,PIO2_6/TRIG_IN4/FC9_P4/SDHC0_D3/SCT0_OUT4/PWM1_A0/FLEXIO0_D14/SMARTDMA_PIO26/FLEXSPI0_B_DATA2/SINC0_MCLK2/SAI0_TX_BCLK,SDHC,SDHC0_D3,,,Motor Control,QSPI,uSDHC,,,,,
P2_7,2,7,L2,15,ALT6,D15,PIO2_7/TRIG_IN5/FC9_P5/SDHC0_D2/SCT0_OUT5/PWM1_B0/FLEXIO0_D15/SMARTDMA_PIO27/FLEXSPI0_B_DATA3/SINC0_MBIT2/SAI0_TX_FS,SDHC,SDHC0_D2,,,Motor Control,QSPI,uSDHC,,,,,
P2_8,2,8,M2,16,ALT6,D16,PIO2_8/TRACE_DATA0/SDHC0_D7/SCT0_IN2/PWM1_X0/FLEXIO0_D16/SMARTDMA_PIO28/FLEXSPI0_B_DATA4/SINC0_MCLK3/SAI1_TXD0,FLEXIO,,FXIO_D16,FLXIO/LCD,,,,LCD_D0,,,,
P2_9,2,9,M1,17,ALT6,D17,PIO2_9/TRACE_DATA1/SDHC0_D6/SCT0_IN3/PWM1_X1/FLEXIO0_D17/SMARTDMA_PIO29/FLEXSPI0_B_DATA5/SINC0_MBIT3/SAI1_RXD0,FLEXIO,,FXIO_D17,FLXIO/LCD,,,,LCD_D1,,,,
P2_10,2,10,M3,18,ALT6,D18,PIO2_10/TRACE_DATA2/SCT0_IN4/PWM1_X2/FLEXIO0_D18/SMARTDMA_PIO31/FLEXSPI0_B_DATA6/SINC0_MCLK4/SAI1_RXD1,FLEXIO,,FXIO_D18,FLXIO/LCD,,,,LCD_D2,,,,
P2_11,2,11,N4,19,ALT6,D19,PIO2_11/TRACE_DATA3/SCT0_IN5/PWM1_X3/FLEXIO0_D19/SMARTDMA_PIO30/FLEXSPI0_B_DATA7/SINC0_MBIT4/SAI1_TXD1,FLEXIO,,FXIO_D19,FLXIO/LCD,,,,LCD_D3,,,,
P3_0,3,0,B17,8,ALT6,D8,PIO3_0/WUU0_IN22/TRIG_IN0/FC7_P3/CT_INP16/PWM0_A0/FLEXIO0_D8/SMARTDMA_PIO0/FLEXSPI0_A_SS0_b,FLEXSPI,FLEXSPI0_A_SS0_b,,FLEXSPI,,,,,,,,
P3_1,3,1,C15,9,ALT6,D9,PIO3_1/TRIG_IN1/FC6_P0/FC7_P6/CT_INP17/PWM0_B0/FLEXIO0_D9/SMARTDMA_PIO1/FLEXSPI0_A_SS1_b,PMOD,,PMOD_RESET,,,,,,,,,
P3_2,3,2,D15,10,ALT6,D10,PIO3_2/FC7_P0/CT4_MAT0/PWM0_X0/FLEXIO0_D10/SMARTDMA_PIO2/SIM1_PD,RGB,RGB_GREEN,,EZH/CAMERA,PMOD,,,,FC7_I2C_SDA,,,FC7_I2C_SDA
P3_3,3,3,D16,11,ALT6,D11,PIO3_3/FC7_P1/CT4_MAT1/PWM0_X1/FLEXIO0_D11/SMARTDMA_PIO3/SIM1_RST,RGB,RGB_BLUE,,EZH/CAMERA,PMOD,,,,FC7_I2C_SCL,,,FC7_I2C_SCL
P3_4,3,4,F14,12,ALT6,D12,PIO3_4/FC7_P2/CT_INP18/PWM0_X2/FLEXIO0_D12/SMARTDMA_PIO4/SIM1_CLK,RGB,RGB_RED,,EZH/CAMERA,,,,,EZH_LCD_D4_CAMERA_D4,,,
P3_5,3,5,G14,13,ALT6,D13,PIO3_5/FC7_P3/CT_INP19/PWM0_X3/FLEXIO0_D13/SMARTDMA_PIO5/SIM1_IO,Micro E,,Micro_E_PWM,EZH/CAMERA,,,,,EZH_LCD_D5_CAMERA_D5,,,
P3_6,3,6,D17,14,ALT6,D14,PIO3_6/CLKOUT/FC6_P1/CT4_MAT2/PWM0_A1/FLEXIO0_D14/SMARTDMA_PIO6/FLEXSPI0_A_DQS/SIM1_VCCEN/SAI1_MCLK,FLEXSPI,FLEXSPI0_A_DQS,,FLEXSPI,,,,,,,,
P3_7,3,7,D14,15,ALT6,D15,PIO3_7/FC6_P6/FC7_P1/CT4_MAT3/PWM0_B1/FLEXIO0_D15/SMARTDMA_PIO7/FLEXSPI0_A_SCLK/SIM0_VCCEN/SAI0_MCLK,FLEXSPI,FLEXSPI0_A_SCLK,,FLEXSPI,,,,,,,,
P3_8,3,8,E14,16,ALT6,D16,PIO3_8/WUU0_IN23/FC6_P4/FC7_P0/CT_INP4/PWM0_A2/FLEXIO0_D16/SMARTDMA_PIO8/FLEXSPI0_A_DATA0/SIM0_PD/SAI0_TX_BCLK,FLEXSPI,FLEXSPI0_A_DATA0,,FLEXSPI,,,,,,,,
P3_9,3,9,F15,17,ALT6,D17,PIO3_9/FC6_P5/FC7_P2/CT_INP5/PWM0_B2/FLEXIO0_D17/SMARTDMA_PIO9/FLEXSPI0_A_DATA1/SIM0_RST/SAI0_TX_FS,FLEXSPI,FLEXSPI0_A_DATA1,,FLEXSPI,,,,,,,,
P3_10,3,10,F17,18,ALT6,D18,PIO3_10/FC6_P2/FC7_P4/CT1_MAT0/PWM0_A3/FLEXIO0_D18/SMARTDMA_PIO10/FLEXSPI0_A_DATA2/SIM0_CLK/SAI0_TXD0,FLEXSPI,FLEXSPI0_A_DATA2,,FLEXSPI,,,,,,,,
P3_11,3,11,F16,19,ALT6,D19,PIO3_11/WUU0_IN24/FC6_P3/FC7_P5/CT1_MAT1/PWM0_B3/FLEXIO0_D19/SMARTDMA_PIO11/FLEXSPI0_A_DATA3/SIM0_IO/SAI0_RXD0,FLEXSPI,FLEXSPI0_A_DATA3,,FLEXSPI,,,,,,,,
P3_12,3,12,G16,20,ALT6,D20,PIO3_12/FC7_P4/FC6_P4/CT1_MAT2/PWM1_A0/FLEXIO0_D20/SMARTDMA_PIO12/FLEXSPI0_A_DATA4/SAI0_RXD1,FLEXSPI,FLEXSPI0_A_DATA4,,FLEXSPI,,,,,,,,
P3_13,3,13,H16,21,ALT6,D21,PIO3_13/FC7_P5/FC6_P5/CT1_MAT3/PWM1_B0/FLEXIO0_D21/SMARTDMA_PIO13/FLEXSPI0_A_DATA5/SAI0_TXD1,FLEXSPI,FLEXSPI0_A_DATA5,,FLEXSPI,,,,,,,,
P3_14,3,14,H17,22,ALT6,D22,PIO3_14/WUU0_IN25/FC8_P0/CT_INP6/PWM1_A1/FLEXIO0_D22/SMARTDMA_PIO14/FLEXSPI0_A_DATA6/SAI0_RX_BCLK,FLEXSPI,FLEXSPI0_A_DATA6,,FLEXSPI,,,,,,,,
P3_15,3,15,H15,23,ALT6,D23,PIO3_15/FC8_P1/CT_INP7/PWM1_B1/FLEXIO0_D23/SMARTDMA_PIO15/FLEXSPI0_A_DATA7/SAI0_RX_FS,FLEXSPI,FLEXSPI0_A_DATA7,,FLEXSPI,,,,,,,,
P3_16,3,16,J15,24,ALT6,D24,PIO3_16/FC8_P2/CT_INP8/PWM1_A2/FLEXIO0_D24/SMARTDMA_PIO16/SIM0_CLK/SAI1_TX_BCLK,SAI,,SAI1_TX_BCLK,,,,SAI,,,,,
P3_17,3,17,K15,25,ALT6,D25,PIO3_17/WUU0_IN26/FC8_P3/CT_INP9/PWM1_B2/FLEXIO0_D25/SMARTDMA_PIO17/SIM0_IO/SAI1_TX_FS,SAI,,SAI1_TX_FS,,,,SAI,,,,,
P3_18,3,18,K16,26,ALT6,D26,PIO3_18/FC6_P6/CT2_MAT0/PWM1_X0/FLEXIO0_D26/SMARTDMA_PIO18/SAI1_RX_BCLK,SAI,,SAI1_RX_BCLK,,,,SAI,,,,,
P3_19,3,19,K17,27,ALT6,D27,PIO3_19/FC7_P6/CT2_MAT1/PWM1_X1/FLEXIO0_D27/SMARTDMA_PIO19/SAI1_RX_FS,SAI,,SAI1_RX_FS,,Micro E,,SAI,,,,ME_PWM,
P3_20,3,20,M17,28,ALT6,D28,PIO3_20/WUU0_IN27/TRIG_OUT0/FC8_P4/FC6_P0/CT2_MAT2/PWM1_A3/FLEXIO0_D28/SMARTDMA_PIO20/SIM0_PD/SAI1_TXD0,SAI,,SAI1_TXD0,,Micro E,,SAI,,,,ME_FC6_SPI_MOSI,
P3_21,3,21,L16,29,ALT6,D29,PIO3_21/TRIG_OUT1/FC8_P5/FC6_P1/CT2_MAT3/PWM1_B3/FLEXIO0_D29/SMARTDMA_PIO21/SIM0_RST/SAI1_RXD0,SAI,,SAI1_RXD0,,Micro E,,SAI,,,,ME_FC6_SPI_CLK,
P3_22,3,22,M16,30,ALT6,D30,PIO3_22/FC8_P6/FC6_P2/CT_INP10/PWM1_X2/FLEXIO0_D30/SMARTDMA_PIO22/SIM0_VCCEN/SAI1_RXD1,EZH,,EZH RST,,Micro E,,,,,,ME_FC6_SPI_MISO,
P3_23,3,23,M15,31,ALT6,D31,PIO3_23/FC6_P3/CT_INP11/PWM1_X3/FLEXIO0_D31/SMARTDMA_PIO23/SAI1_TXD1,SAI,,SAI1_TXD1,,Micro E,,,,,,ME_FC6_SPI_CS,
P4_12,4,12,T6,20,ALT6,D20,PIO4_12/WUU0_IN20/USB0_VBUS_DET/FC2_P0/CT4_MAT0/FLEXIO0_D20/PLU_OUT0/SINC0_MCLK0/CAN0_RXD/OPAMP0_INP0/ADC0_A5/ADC1_A5,FLEXIO,,FXIO_D20,FLXIO/LCD,OPAMP,,,LCD_D4,,,,
P4_13,4,13,T7,21,ALT6,D21,PIO4_13/TRIG_IN8/FC2_P1/USB1_ID/CT4_MAT1/FLEXIO0_D21/PLU_OUT1/SINC0_MBIT0/CAN0_TXD/OPAMP0_INP1/ADC0_B5/ADC1_B5,FLEXIO,,FXIO_D21,FLXIO/LCD,Motor Control,,,LCD_D5,,,,
P4_14,4,14,N8,22,ALT6,D22,PIO4_14/CT4_MAT2/FLEXIO0_D22/PLU_OUT2,FLEXIO,,FXIO_D22,FLXIO/LCD,,,,LCD_D6,,,,
P4_15,4,15,T8,23,ALT6,D23,PIO4_15/WUU0_IN21/TRIG_OUT4/USB1_VBUS_DIG/CT4_MAT3/FLEXIO0_D23/PLU_OUT3/SINC0_MCLK_OUT0/CAN1_RXD/OPAMP0_OUT/ADC0_A1/CMP0_IN4P,FLEXIO,,FXIO_D23,FLXIO/LCD,,,,LCD_D7,,,,
P4_16,4,16,R8,24,ALT6,D24,PIO4_16/FC2_P2/USB1_OTG_PWR/CT3_MAT0/FLEXIO0_D24/PLU_OUT4/SINC0_MCLK1/CAN1_TXD/OPAMP1_INP0/ADC0_A6,FLEXIO,,FXIO_D24,FLXIO/LCD,OPAMP,,,LCD_D8,,,,
P4_17,4,17,R9,25,ALT6,D25,PIO4_17/TRIG_IN9/FC2_P3/USB1_OTG_OC/CT3_MAT1/FLEXIO0_D25/PLU_OUT5/SINC0_MBIT1/OPAMP1_INP1/ADC0_B6,FLEXIO,,FXIO_D25,FLXIO/LCD,,,,LCD_D9,,,,
P4_18,4,18,N10,26,ALT6,D26,PIO4_18/CT3_MAT2/FLEXIO0_D26/PLU_OUT6,FLEXIO,,FXIO_D26,FLXIO/LCD,,,,LCD_D10,,,,
P4_19,4,19,R10,27,ALT6,D27,PIO4_19/TRIG_OUT5/CT3_MAT3/FLEXIO0_D27/PLU_OUT7/SINC0_MCLK_OUT1/OPAMP1_OUT/ADC0_B1/CMP1_IN4P,FLEXIO,,FXIO_D27,FLXIO/LCD,,,,LCD_D11,,,,
P4_20,4,20,T10,28,ALT6,D28,PIO4_20/TRIG_IN8/FC2_P4/CT2_MAT0/FLEXIO0_D28/SINC0_MCLK2/OPAMP2_INP0/ADC1_A6,FLEXIO,,FXIO_D28,FLXIO/LCD,OPAMP,,,LCD_D12,,,,
P4_21,4,21,T11,29,ALT6,D29,PIO4_21/TRIG_IN9/FC2_P5/CT2_MAT1/FLEXIO0_D29/SINC0_MBIT2/OPAMP2_INP1/ADC1_B6,FLEXIO,,FXIO_D29,FLXIO/LCD,,,,LCD_D13,,,,
P4_22,4,22,T12,30,ALT6,D30,PIO4_22/CT2_MAT2/FLEXIO0_D30,FLEXIO,,FXIO_D30,FLXIO/LCD,,,,LCD_D14,,,,
P4_23,4,23,U12,31,ALT6,D31,PIO4_23/TRIG_OUT5/FC2_P6/CT2_MAT3/FLEXIO0_D31/SINC0_MCLK_OUT2/OPAMP2_OUT/ADC0_A2/ADC0_B2/ADC1_B3/CMP2_IN4P,FLEXIO,,FXIO_D31,FLXIO/LCD,,,,LCD_D15,,,,
